<?xml version="1.0" encoding="UTF-8"?>
<!DOCTYPE suite SYSTEM "https://testng.org/testng-1.0.dtd">
<suite name="Suite">
<parameter name="browser" value="chrome"></parameter>
  <test thread-count="5" name="Test">
    <classes>
      <class name="com.rameshsoft.automation.appln.bussinessscripts.gmailtest"/>
        <class name="com.rameshsoft.automation.appln.bussinessscripts.fbtest"/>
          <class name="com.rameshsoft.automation.appln.bussinessscripts.fptest"/>
           <class name="com.rameshsoft.automation.appln.bussinessscripts.InstTest"/>
     </classes>
  </test> <!-- Test -->
</suite> <!-- Suite -->
